<Objs Version="1.1.0.1" xmlns="http://schemas.microsoft.com/powershell/2004/04">
  <Obj RefId="0">
    <TN RefId="0">
      <T>Microsoft.PowerShell.Commands.PSRepositoryItemInfo</T>
      <T>System.Management.Automation.PSCustomObject</T>
      <T>System.Object</T>
    </TN>
    <MS>
      <S N="Name">DSCR_Shortcut</S>
      <Version N="Version">2.1.1</Version>
      <S N="Type">Module</S>
      <S N="Description">PowerShell DSC Resource to create shortcut file.</S>
      <S N="Author">mkht</S>
      <S N="CompanyName">mkht</S>
      <S N="Copyright">(c) 2020 mkht. All rights reserved.</S>
      <DT N="PublishedDate">2020-11-30T02:41:29-05:00</DT>
      <Obj N="InstalledDate" RefId="1">
        <DT>2021-02-23T12:55:33.7063097-05:00</DT>
        <MS>
          <Obj N="DisplayHint" RefId="2">
            <TN RefId="1">
              <T>Microsoft.PowerShell.Commands.DisplayHintType</T>
              <T>System.Enum</T>
              <T>System.ValueType</T>
              <T>System.Object</T>
            </TN>
            <ToString>DateTime</ToString>
            <I32>2</I32>
          </Obj>
        </MS>
      </Obj>
      <Nil N="UpdatedDate" />
      <URI N="LicenseUri">https://github.com/mkht/DSCR_Shortcut/blob/master/LICENSE</URI>
      <URI N="ProjectUri">https://github.com/mkht/DSCR_Shortcut</URI>
      <Nil N="IconUri" />
      <Obj N="Tags" RefId="3">
        <TN RefId="2">
          <T>System.Object[]</T>
          <T>System.Array</T>
          <T>System.Object</T>
        </TN>
        <LST>
          <S>DesiredStateConfiguration</S>
          <S>DSC</S>
          <S>DSCResource</S>
          <S>Shortcut</S>
          <S>PSModule</S>
        </LST>
      </Obj>
      <Obj N="Includes" RefId="4">
        <TN RefId="3">
          <T>System.Collections.Hashtable</T>
          <T>System.Object</T>
        </TN>
        <DCT>
          <En>
            <S N="Key">RoleCapability</S>
            <Obj N="Value" RefId="5">
              <TNRef RefId="2" />
              <LST />
            </Obj>
          </En>
          <En>
            <S N="Key">Cmdlet</S>
            <Ref N="Value" RefId="5" />
          </En>
          <En>
            <S N="Key">Workflow</S>
            <Ref N="Value" RefId="5" />
          </En>
          <En>
            <S N="Key">DscResource</S>
            <Obj N="Value" RefId="6">
              <TNRef RefId="2" />
              <LST>
                <S>cShortcut</S>
              </LST>
            </Obj>
          </En>
          <En>
            <S N="Key">Command</S>
            <Ref N="Value" RefId="5" />
          </En>
          <En>
            <S N="Key">Function</S>
            <Ref N="Value" RefId="5" />
          </En>
        </DCT>
      </Obj>
      <Nil N="PowerShellGetFormatVersion" />
      <Nil N="ReleaseNotes" />
      <Obj N="Dependencies" RefId="7">
        <TNRef RefId="2" />
        <LST />
      </Obj>
      <S N="RepositorySourceLocation">https://www.powershellgallery.com/api/v2</S>
      <S N="Repository">PSGallery</S>
      <S N="PackageManagementProvider">NuGet</S>
      <Obj N="AdditionalMetadata" RefId="8">
        <TN RefId="4">
          <T>System.Management.Automation.PSCustomObject</T>
          <T>System.Object</T>
        </TN>
        <MS>
          <S N="copyright">(c) 2020 mkht. All rights reserved.</S>
          <S N="description">PowerShell DSC Resource to create shortcut file.</S>
          <S N="requireLicenseAcceptance">False</S>
          <S N="isLatestVersion">True</S>
          <S N="isAbsoluteLatestVersion">True</S>
          <S N="versionDownloadCount">1462</S>
          <S N="downloadCount">9998</S>
          <S N="packageSize">15717</S>
          <S N="published">11/30/2020 2:41:29 AM -05:00</S>
          <S N="created">11/30/2020 2:41:29 AM -05:00</S>
          <S N="lastUpdated">2/23/2021 2:40:42 PM -05:00</S>
          <S N="tags">DesiredStateConfiguration DSC DSCResource Shortcut PSModule PSDscResource_cShortcut PSIncludes_DscResource</S>
          <S N="developmentDependency">False</S>
          <S N="updated">2021-02-23T14:40:42Z</S>
          <S N="NormalizedVersion">2.1.1</S>
          <S N="Authors">mkht</S>
          <S N="IsPrerelease">false</S>
          <S N="ItemType">Module</S>
          <S N="FileList">DSCR_Shortcut.nuspec|DSCR_Shortcut.psd1|LICENSE|README.md|DSCResources\cShortcut\cShortcut.psm1|DSCResources\cShortcut\cShortcut.schema.mof|Libs\ShellLink\ShellLink.cs|Libs\VKeyUtil\VKeyUtil.cs</S>
          <S N="GUID">dc24c0c9-ad6b-4fce-9ce4-2410f9ce4f7f</S>
          <S N="PowerShellVersion">5.0</S>
        </MS>
      </Obj>
      <S N="InstalledLocation">C:\Users\migodfre\OneDrive - Microsoft\Documents\PowerShell\Modules\DSCR_Shortcut\2.1.1</S>
    </MS>
  </Obj>
</Objs>
